row	T	q	m_target	k	t_exact	t_float	alpha_float	X_order	tr_X	vf_orbit_finite	vf_group_order	vf_structure	gamma_finite	gamma_order	relations	ip	defect	fvec_coset	fvec_geom	directly_regular	faithful	skeletal	geom_chiral	verdict
1	{3,3,3}	3	2	1	1/4	0.25	0.5	2	1	true	fail	-	-	-	-	-	-	-	-	-	-	-	-	REJECTED: ord(X) < 3 (degenerate)
1	{3,3,3}	3	2	1	-1/4	-0.25	infinity	2	1	true	6	S3	-	-	-	-	-	-	-	-	-	-	-	REJECTED: ord(X) < 3 (degenerate)
1	{3,3,3}	3	3	1	0	0.	1.	3	2	true	12	A4	true	60	true	false	4	[ 5, 10, 6, 1 ]	-	false	-	-	-	REJECTED: intersection condition fails (defect 4)
1	{3,3,3}	3	3	1	1/2*E(5)+1/4*E(5)^2+1/4*E(5)^3+1/2*E(5)^4	-0.095491502812526358	1.6180339887498949	3	2	true	12	A4	true	7200	true	true	1	[ 600, 1200, 720, 120 ]	[ 120, 1200, 720, 120 ]	true	false	false	false	REJECTED: abstract polytope but realisation not a faithful skeletal 4-polytope
1	{3,3,3}	3	3	1	1/4*E(5)+1/2*E(5)^2+1/2*E(5)^3+1/4*E(5)^4	-0.65450849718747373	-0.61803398874989468	3	2	true	12	A4	true	7200	true	true	1	[ 600, 1200, 720, 120 ]	[ 120, 1200, 720, 120 ]	true	false	false	false	REJECTED: abstract polytope but realisation not a faithful skeletal 4-polytope
1	{3,3,3}	3	inf	-	infinity	infinity	0.	3	2	true	12	A4	true	60	true	false	4	[ 5, 10, 6, 1 ]	-	false	-	-	-	REJECTED: intersection condition fails (defect 4)
2	{4,3,3}	3	2	1	-1/2*E(12)^4+1/2*E(12)^7-1/2*E(12)^8-1/2*E(12)^11	-0.36602540378443826	3.7320508075688772	2	0	true	6	S3	-	-	-	-	-	-	-	-	-	-	-	REJECTED: ord(X) < 3 (degenerate)
2	{4,3,3}	3	2	1	-1/2*E(12)^4-1/2*E(12)^7-1/2*E(12)^8+1/2*E(12)^11	1.3660254037844384	0.2679491924311237	2	0	true	6	S3	-	-	-	-	-	-	-	-	-	-	-	REJECTED: ord(X) < 3 (degenerate)
2	{4,3,3}	3	3	1	1/2	0.5	0.5	3	1	true	12	A4	true	192	true	true	1	[ 16, 32, 12, 4 ]	[ 16, 32, 12, 4 ]	false	true	true	true	SURVIVOR: faithful skeletal 4-polytope, geometrically chiral (2-face spans E^4), combinatorially chiral
2	{4,3,3}	3	3	1	-1/4	-0.25	2.	3	1	true	12	A4	true	192	true	true	1	[ 16, 32, 12, 4 ]	[ 16, 32, 12, 4 ]	false	true	true	true	SURVIVOR: faithful skeletal 4-polytope, geometrically chiral (2-face spans E^4), combinatorially chiral
2	{4,3,3}	3	3	1	-1/2	-0.5	infinity	3	1	true	12	A4	true	192	true	true	1	[ 16, 32, 12, 4 ]	[ 16, 32, 12, 4 ]	false	true	true	true	SURVIVOR: faithful skeletal 4-polytope, geometrically chiral (2-face spans E^4), combinatorially chiral
2	{4,3,3}	3	4	1	0	0.	1.	4	2	true	24	S4	true	192	true	false	2	[ 8, 24, 12, 4 ]	-	false	-	-	-	REJECTED: intersection condition fails (defect 2)
2	{4,3,3}	3	4	1	-1	-1.	-1.	4	2	true	24	S4	true	192	true	false	2	[ 8, 24, 12, 4 ]	-	false	-	-	-	REJECTED: intersection condition fails (defect 2)
2	{4,3,3}	3	inf	-	infinity	infinity	0.	3	1	true	12	A4	true	192	true	true	1	[ 16, 32, 12, 4 ]	[ 16, 32, 12, 4 ]	false	true	true	true	SURVIVOR: faithful skeletal 4-polytope, geometrically chiral (2-face spans E^4), combinatorially chiral
3	{3,4,3}	4	2	1	1/2*E(8)-1/2*E(8)^3	0.70710678118654746	0.5	2	0	true	8	D8	-	-	-	-	-	-	-	-	-	-	-	REJECTED: ord(X) < 3 (degenerate)
3	{3,4,3}	4	2	1	-1/2*E(8)+1/2*E(8)^3	-0.70710678118654746	infinity	2	0	true	8	D8	-	-	-	-	-	-	-	-	-	-	-	REJECTED: ord(X) < 3 (degenerate)
3	{3,4,3}	4	3	1	0	0.	1.	3	1	true	24	S4	true	576	true	false	2	[ 24, 96, 24, 3 ]	-	false	-	-	-	REJECTED: intersection condition fails (defect 2)
3	{3,4,3}	4	3	1	-1/2	-0.5	3.4142135623730949	3	1	true	24	S4	true	576	true	false	2	[ 24, 96, 24, 3 ]	-	false	-	-	-	REJECTED: intersection condition fails (defect 2)
3	{3,4,3}	4	3	1	-1	-1.	-2.4142135623730949	3	1	true	24	S4	true	576	true	false	2	[ 24, 96, 24, 3 ]	-	false	-	-	-	REJECTED: intersection condition fails (defect 2)
3	{3,4,3}	4	inf	-	infinity	infinity	0.	3	1	true	24	S4	true	576	true	false	2	[ 24, 96, 24, 3 ]	-	false	-	-	-	REJECTED: intersection condition fails (defect 2)
4	{5,3,3}	3	2	1	1/2*E(40)^7-1/2*E(40)^8-1/2*E(40)^13-3/2*E(40)^16-3/2*E(40)^21+1/2*E(40)^23-3/2*E(40)^24-3/2*E(40)^29+3/2*E(40)^31-1/2*E(40)^32-1/2*E(40)^37+3/2*E(40)^39	5.1133863812071798	0.15327282884151594	2	0	true	6	S3	-	-	-	-	-	-	-	-	-	-	-	REJECTED: ord(X) < 3 (degenerate)
4	{5,3,3}	3	2	1	-1/2*E(40)^7-1/2*E(40)^8+1/2*E(40)^13-3/2*E(40)^16+3/2*E(40)^21-1/2*E(40)^23-3/2*E(40)^24+3/2*E(40)^29-3/2*E(40)^31-1/2*E(40)^32+1/2*E(40)^37-3/2*E(40)^39	-0.87731840370738956	19.165299913557977	2	0	true	6	S3	-	-	-	-	-	-	-	-	-	-	-	REJECTED: ord(X) < 3 (degenerate)
4	{5,3,3}	3	3	1	3/10*E(5)+7/10*E(5)^2+7/10*E(5)^3+3/10*E(5)^4	-0.94721359549995787	-42.854913415886486	3	1	true	12	A4	true	7200	true	true	1	[ 600, 1200, 120, 5 ]	[ 120, 1200, 120, 5 ]	false	false	false	false	REJECTED: abstract polytope but realisation not a faithful skeletal 4-polytope
4	{5,3,3}	3	3	1	1/2*E(5)^2+1/2*E(5)^3	-0.80901699437494745	7.9385271511436217	3	1	true	12	A4	true	7200	true	true	1	[ 600, 1200, 120, 5 ]	[ 120, 1200, 120, 5 ]	false	false	false	false	REJECTED: abstract polytope but realisation not a faithful skeletal 4-polytope
4	{5,3,3}	3	3	1	-1/2*E(5)-3/2*E(5)^2-3/2*E(5)^3-1/2*E(5)^4	2.1180339887498945	0.3041135359756636	3	1	true	12	A4	true	7200	true	true	1	[ 600, 1200, 120, 5 ]	[ 600, 1200, 120, 5 ]	false	true	true	true	SURVIVOR: faithful skeletal 4-polytope, geometrically chiral (2-face spans E^4), combinatorially chiral
4	{5,3,3}	3	5	1	0	0.	1.	5	-E(5)-2*E(5)^2-2*E(5)^3-E(5)^4	true	60	A5	true	7200	true	false	4	[ 120, 720, 120, 5 ]	-	false	-	-	-	REJECTED: intersection condition fails (defect 4)
4	{5,3,3}	3	5	1	-1/2	-0.5	2.1747711962568421	5	-E(5)-2*E(5)^2-2*E(5)^3-E(5)^4	true	60	A5	true	7200	true	false	4	[ 120, 720, 120, 5 ]	-	false	-	-	-	REJECTED: intersection condition fails (defect 4)
4	{5,3,3}	3	5	1	1/2*E(5)+3/2*E(5)^2+3/2*E(5)^3+1/2*E(5)^4	-2.1180339887498945	-0.77624949097524187	5	-E(5)-2*E(5)^2-2*E(5)^3-E(5)^4	true	60	A5	true	7200	true	false	4	[ 120, 720, 120, 5 ]	-	false	-	-	-	REJECTED: intersection condition fails (defect 4)
4	{5,3,3}	3	5	1	1/2*E(5)+E(5)^2+E(5)^3+1/2*E(5)^4	-1.3090169943749475	-2.4142135623730949	5	-E(5)-2*E(5)^2-2*E(5)^3-E(5)^4	true	60	A5	true	7200	true	false	4	[ 120, 720, 120, 5 ]	-	false	-	-	-	REJECTED: intersection condition fails (defect 4)
4	{5,3,3}	3	inf	-	infinity	infinity	0.	3	1	true	12	A4	true	7200	true	true	1	[ 600, 1200, 120, 5 ]	[ 600, 1200, 120, 5 ]	false	true	true	true	SURVIVOR: faithful skeletal 4-polytope, geometrically chiral (2-face spans E^4), combinatorially chiral
5	{3,5,5/2}	5	2	1	1/2*E(20)-1/2*E(20)^8-1/2*E(20)^9-1/2*E(20)^12-1/2*E(20)^13+1/2*E(20)^17	2.347858762962574	-0.52573111211913359	2	0	true	10	D10	-	-	-	-	-	-	-	-	-	-	-	REJECTED: ord(X) < 3 (degenerate)
5	{3,5,5/2}	5	2	1	-1/2*E(20)-1/2*E(20)^8+1/2*E(20)^9-1/2*E(20)^12+1/2*E(20)^13-1/2*E(20)^17	-0.72982477421267933	0.52573111211913359	2	0	true	10	D10	-	-	-	-	-	-	-	-	-	-	-	REJECTED: ord(X) < 3 (degenerate)
5	{3,5,5/2}	5	3	1	0	0.	1.	3	1	true	60	A5	true	7200	true	false	2	[ 120, 1200, 180, 6 ]	-	false	-	-	-	REJECTED: intersection condition fails (defect 2)
5	{3,5,5/2}	5	3	1	-1/2	-0.5	0.61803398874989468	3	1	true	60	A5	true	7200	true	false	2	[ 120, 1200, 180, 6 ]	-	false	-	-	-	REJECTED: intersection condition fails (defect 2)
5	{3,5,5/2}	5	3	1	-1	-1.	0.44721359549995798	3	1	true	60	A5	true	7200	true	false	2	[ 120, 1200, 180, 6 ]	-	false	-	-	-	REJECTED: intersection condition fails (defect 2)
5	{3,5,5/2}	5	3	1	1/2*E(5)+3/2*E(5)^2+3/2*E(5)^3+1/2*E(5)^4	-2.1180339887498945	0.27639320225002123	3	1	true	60	A5	true	7200	true	false	2	[ 120, 1200, 180, 6 ]	-	false	-	-	-	REJECTED: intersection condition fails (defect 2)
5	{3,5,5/2}	5	5	2	1/4*E(5)+1/2*E(5)^2+1/2*E(5)^3+1/4*E(5)^4	-0.65450849718747373	0.55278640450004246	5	-2*E(5)-E(5)^2-E(5)^3-2*E(5)^4	true	60	A5	true	7200	true	false	2	[ 120, 720, 180, 6 ]	-	false	-	-	-	REJECTED: intersection condition fails (defect 2)
5	{3,5,5/2}	5	5	2	1/2*E(5)^2+1/2*E(5)^3	-0.80901699437494745	0.5	5	-2*E(5)-E(5)^2-E(5)^3-2*E(5)^4	true	60	A5	true	7200	true	false	2	[ 120, 720, 180, 6 ]	-	false	-	-	-	REJECTED: intersection condition fails (defect 2)
5	{3,5,5/2}	5	5	2	-1/2*E(5)^2-1/2*E(5)^3	0.80901699437494745	infinity	5	-2*E(5)-E(5)^2-E(5)^3-2*E(5)^4	true	60	A5	true	7200	true	false	2	[ 120, 720, 180, 6 ]	-	false	-	-	-	REJECTED: intersection condition fails (defect 2)
5	{3,5,5/2}	5	inf	-	infinity	infinity	0.	5	-2*E(5)-E(5)^2-E(5)^3-2*E(5)^4	true	60	A5	true	7200	true	false	2	[ 120, 720, 180, 6 ]	-	false	-	-	-	REJECTED: intersection condition fails (defect 2)
6	{5,5/2,5}	5	2	1	1/2*E(5)^2+1/2*E(5)^3	-0.80901699437494745	0.5	2	0	true	fail	-	-	-	-	-	-	-	-	-	-	-	-	REJECTED: ord(X) < 3 (degenerate)
6	{5,5/2,5}	5	2	1	-1/2*E(5)^2-1/2*E(5)^3	0.80901699437494745	infinity	2	0	true	10	D10	-	-	-	-	-	-	-	-	-	-	-	REJECTED: ord(X) < 3 (degenerate)
6	{5,5/2,5}	5	5	1	0	0.	1.	5	-E(5)-2*E(5)^2-2*E(5)^3-E(5)^4	true	60	A5	true	7200	true	false	12	[ 120, 720, 240, 1 ]	-	false	-	-	-	REJECTED: intersection condition fails (defect 12)
6	{5,5/2,5}	5	5	1	-1/2	-0.5	0.61803398874989468	5	-E(5)-2*E(5)^2-2*E(5)^3-E(5)^4	true	60	A5	true	7200	true	false	12	[ 120, 720, 240, 1 ]	-	false	-	-	-	REJECTED: intersection condition fails (defect 12)
6	{5,5/2,5}	5	5	1	1/2*E(5)+E(5)^2+E(5)^3+1/2*E(5)^4	-1.3090169943749475	0.38196601125010543	5	-E(5)-2*E(5)^2-2*E(5)^3-E(5)^4	true	60	A5	true	7200	true	false	12	[ 120, 720, 240, 1 ]	-	false	-	-	-	REJECTED: intersection condition fails (defect 12)
6	{5,5/2,5}	5	inf	-	infinity	infinity	0.	5	-E(5)-2*E(5)^2-2*E(5)^3-E(5)^4	true	60	A5	true	7200	true	false	12	[ 120, 720, 240, 1 ]	-	false	-	-	-	REJECTED: intersection condition fails (defect 12)
7	{5,3,5/2}	3	2	1	E(120)^7+2*E(120)^8+E(120)^13+1/2*E(120)^16-E(120)^23-1/2*E(120)^29+1/2*E(120)^31+2*E(120)^32+E(120)^37-E(120)^47-E(120)^53+1/2*E(120)^56+1/2*E(120)^61+1/2*E(120)^64-1/2*E(120)^71-E(120)^77+1/2*E(120)^79+2*E(120)^88-1/2*E(120)^101+E(120)^103+1/2*E(120)^104+1/2*E(120)^109+2*E(120)^112-1/2*E(120)^119	6.1334746839751411	0.075375278239604632	2	0	true	6	S3	-	-	-	-	-	-	-	-	-	-	-	REJECTED: ord(X) < 3 (degenerate)
7	{5,3,5/2}	3	2	1	-E(120)^7+2*E(120)^8-E(120)^13+1/2*E(120)^16+E(120)^23+1/2*E(120)^29-1/2*E(120)^31+2*E(120)^32-E(120)^37+E(120)^47+E(120)^53+1/2*E(120)^56-1/2*E(120)^61+1/2*E(120)^64+1/2*E(120)^71+E(120)^77-1/2*E(120)^79+2*E(120)^88+1/2*E(120)^101-E(120)^103+1/2*E(120)^104-1/2*E(120)^109+2*E(120)^112+1/2*E(120)^119	-0.27937271772545785	2.2662655082602683	2	0	true	6	S3	-	-	-	-	-	-	-	-	-	-	-	REJECTED: ord(X) < 3 (degenerate)
7	{5,3,5/2}	3	3	1	E(40)^7+3/2*E(40)^8-E(40)^13+3*E(40)^16-2*E(40)^21+E(40)^23+3*E(40)^24-2*E(40)^29+2*E(40)^31+3/2*E(40)^32-E(40)^37+2*E(40)^39	-0.22459180948101065	1.8154870378320278	3	1	true	12	A4	true	2880	true	true	1	[ 240, 480, 120, 20 ]	[ 240, 480, 120, 20 ]	true	true	true	true	SURVIVOR: faithful skeletal 4-polytope, geometrically chiral (2-face spans E^4), directly regular abstractly
7	{5,3,5/2}	3	3	1	-E(40)^7+3/2*E(40)^8+E(40)^13+3*E(40)^16+2*E(40)^21-E(40)^23+3*E(40)^24+2*E(40)^29-2*E(40)^31+3/2*E(40)^32+E(40)^37-2*E(40)^39	-7.6295101567686752	-0.07013104533209813	3	1	true	12	A4	true	2880	true	true	1	[ 240, 480, 120, 20 ]	[ 240, 480, 120, 20 ]	true	true	true	true	SURVIVOR: faithful skeletal 4-polytope, geometrically chiral (2-face spans E^4), directly regular abstractly
7	{5,3,5/2}	3	3	1	-1/2*E(40)^16+1/2*E(40)^21-1/2*E(40)^24+1/2*E(40)^29-1/2*E(40)^31-1/2*E(40)^39	-0.33510581126042116	3.0322475511229903	3	1	true	12	A4	true	2880	true	true	1	[ 240, 480, 120, 20 ]	[ 240, 480, 120, 20 ]	true	true	true	true	SURVIVOR: faithful skeletal 4-polytope, geometrically chiral (2-face spans E^4), directly regular abstractly
7	{5,3,5/2}	3	3	1	-1/2*E(40)^16-1/2*E(40)^21-1/2*E(40)^24-1/2*E(40)^29+1/2*E(40)^31+1/2*E(40)^39	1.953139800010316	0.20382042637679987	3	1	true	12	A4	true	2880	true	true	1	[ 240, 480, 120, 20 ]	[ 240, 480, 120, 20 ]	true	true	true	true	SURVIVOR: faithful skeletal 4-polytope, geometrically chiral (2-face spans E^4), directly regular abstractly
7	{5,3,5/2}	3	4	1	1/2*E(40)^8+E(40)^16+1/2*E(40)^21+E(40)^24+1/2*E(40)^29-1/2*E(40)^31+1/2*E(40)^32-1/2*E(40)^39	-2.4531398000103155	-0.25599806014774751	4	2	true	24	S4	true	1152	true	true	1	[ 48, 144, 48, 8 ]	[ 48, 144, 48, 8 ]	false	true	true	true	SURVIVOR: faithful skeletal 4-polytope, geometrically chiral (2-face spans E^4), combinatorially chiral
7	{5,3,5/2}	3	4	1	1/2*E(40)^8+E(40)^16-1/2*E(40)^21+E(40)^24-1/2*E(40)^29+1/2*E(40)^31+1/2*E(40)^32+1/2*E(40)^39	-0.1648941887395789	1.492066037647537	4	2	true	24	S4	true	1152	true	true	1	[ 48, 144, 48, 8 ]	[ 48, 144, 48, 8 ]	false	true	true	true	SURVIVOR: faithful skeletal 4-polytope, geometrically chiral (2-face spans E^4), combinatorially chiral
7	{5,3,5/2}	3	4	1	1/2*E(40)^7+1/2*E(40)^8-1/2*E(40)^13-1/2*E(40)^21+1/2*E(40)^23-1/2*E(40)^29+1/2*E(40)^31+1/2*E(40)^32-1/2*E(40)^37+1/2*E(40)^39	1.0161237755614949	0.32978837747915779	4	2	true	24	S4	true	1152	true	true	1	[ 48, 144, 48, 8 ]	[ 48, 144, 48, 8 ]	false	true	true	true	SURVIVOR: faithful skeletal 4-polytope, geometrically chiral (2-face spans E^4), combinatorially chiral
7	{5,3,5/2}	3	4	1	-1/2*E(40)^7+1/2*E(40)^8+1/2*E(40)^13+1/2*E(40)^21-1/2*E(40)^23+1/2*E(40)^29-1/2*E(40)^31+1/2*E(40)^32+1/2*E(40)^37-1/2*E(40)^39	-0.39808978681160018	4.906279600020631	4	2	true	24	S4	true	1152	true	true	1	[ 48, 144, 48, 8 ]	[ 48, 144, 48, 8 ]	false	true	true	true	SURVIVOR: faithful skeletal 4-polytope, geometrically chiral (2-face spans E^4), combinatorially chiral
7	{5,3,5/2}	3	5	1	0	0.	1.	5	-E(5)-2*E(5)^2-2*E(5)^3-E(5)^4	true	60	A5	true	7200	true	true	1	[ 120, 720, 300, 50 ]	[ 120, 720, 300, 50 ]	false	true	true	true	SURVIVOR: faithful skeletal 4-polytope, geometrically chiral (2-face spans E^4), combinatorially chiral
7	{5,3,5/2}	3	5	1	-1	-1.	-1.	5	-E(5)-2*E(5)^2-2*E(5)^3-E(5)^4	true	60	A5	true	7200	true	true	1	[ 120, 720, 300, 50 ]	[ 120, 720, 300, 50 ]	false	true	true	true	SURVIVOR: faithful skeletal 4-polytope, geometrically chiral (2-face spans E^4), combinatorially chiral
7	{5,3,5/2}	3	5	1	1/2*E(5)+1/2*E(5)^4	0.30901699437494734	0.61803398874989468	5	-E(5)-2*E(5)^2-2*E(5)^3-E(5)^4	true	60	A5	true	7200	true	true	1	[ 120, 720, 300, 50 ]	[ 120, 720, 300, 50 ]	false	true	true	true	SURVIVOR: faithful skeletal 4-polytope, geometrically chiral (2-face spans E^4), combinatorially chiral
7	{5,3,5/2}	3	5	1	1/10*E(5)+2/5*E(5)^2+2/5*E(5)^3+1/10*E(5)^4	-0.5854101966249684	-5.8541019662496838	5	-E(5)-2*E(5)^2-2*E(5)^3-E(5)^4	true	60	A5	true	7200	true	true	1	[ 120, 720, 300, 50 ]	[ 120, 720, 300, 50 ]	false	true	true	true	SURVIVOR: faithful skeletal 4-polytope, geometrically chiral (2-face spans E^4), combinatorially chiral
7	{5,3,5/2}	3	5	2	-1/4	-0.25	2.	5	-2*E(5)-E(5)^2-E(5)^3-2*E(5)^4	true	60	A5	true	7200	true	true	1	[ 120, 720, 300, 50 ]	[ 120, 720, 300, 50 ]	false	true	true	true	SURVIVOR: faithful skeletal 4-polytope, geometrically chiral (2-face spans E^4), combinatorially chiral
7	{5,3,5/2}	3	5	2	-1/2*E(5)-1/2*E(5)^4	-0.30901699437494734	2.6180339887498949	5	-2*E(5)-E(5)^2-E(5)^3-2*E(5)^4	true	60	A5	true	7200	true	true	1	[ 120, 720, 300, 50 ]	[ 120, 720, 300, 50 ]	false	true	true	true	SURVIVOR: faithful skeletal 4-polytope, geometrically chiral (2-face spans E^4), combinatorially chiral
7	{5,3,5/2}	3	5	2	-1/2*E(5)-2*E(5)^2-2*E(5)^3-1/2*E(5)^4	2.9270509831248419	0.14589803375031618	5	-2*E(5)-E(5)^2-E(5)^3-2*E(5)^4	true	60	A5	true	7200	true	true	1	[ 120, 720, 300, 50 ]	[ 120, 720, 300, 50 ]	false	true	true	true	SURVIVOR: faithful skeletal 4-polytope, geometrically chiral (2-face spans E^4), combinatorially chiral
7	{5,3,5/2}	3	inf	-	infinity	infinity	0.	5	-2*E(5)-E(5)^2-E(5)^3-2*E(5)^4	true	60	A5	true	7200	true	true	1	[ 120, 720, 300, 50 ]	[ 120, 720, 300, 50 ]	false	true	true	true	SURVIVOR: faithful skeletal 4-polytope, geometrically chiral (2-face spans E^4), combinatorially chiral
8	{3,3,5/2}	3	2	1	1/4*E(40)^7+1/4*E(40)^8-1/4*E(40)^13+1/4*E(40)^23+1/4*E(40)^32-1/4*E(40)^37	-0.063999515036936877	1.9008197245479439	2	0	true	6	S3	-	-	-	-	-	-	-	-	-	-	-	REJECTED: ord(X) < 3 (degenerate)
8	{3,3,5/2}	3	2	1	-1/4*E(40)^7+1/4*E(40)^8+1/4*E(40)^13-1/4*E(40)^23+1/4*E(40)^32+1/4*E(40)^37	0.37301650941188425	0.26580497694631489	2	0	true	6	S3	-	-	-	-	-	-	-	-	-	-	-	REJECTED: ord(X) < 3 (degenerate)
8	{3,3,5/2}	3	3	1	0	0.	1.	3	1	true	12	A4	true	7200	true	true	1	[ 600, 1200, 120, 5 ]	[ 600, 1200, 120, 5 ]	false	true	true	true	SURVIVOR: faithful skeletal 4-polytope, geometrically chiral (2-face spans E^4), combinatorially chiral
8	{3,3,5/2}	3	3	1	3/4*E(5)+1/2*E(5)^2+1/2*E(5)^3+3/4*E(5)^4	-0.34549150281252644	-0.64170998029005988	3	1	true	12	A4	true	7200	true	true	1	[ 600, 1200, 120, 5 ]	[ 120, 1200, 120, 5 ]	false	false	false	false	REJECTED: abstract polytope but realisation not a faithful skeletal 4-polytope
8	{3,3,5/2}	3	3	1	3/4*E(5)+1/4*E(5)^2+1/4*E(5)^3+3/4*E(5)^4	0.059016994374947312	0.69588646402433663	3	1	true	12	A4	true	7200	true	true	1	[ 600, 1200, 120, 5 ]	[ 120, 1200, 120, 5 ]	false	false	false	false	REJECTED: abstract polytope but realisation not a faithful skeletal 4-polytope
8	{3,3,5/2}	3	3	1	-1/4*E(5)-1/4*E(5)^4	-0.15450849718747367	-6.9385271511436226	3	1	true	12	A4	true	7200	true	true	1	[ 600, 1200, 120, 5 ]	[ 600, 1200, 120, 5 ]	false	true	true	true	SURVIVOR: faithful skeletal 4-polytope, geometrically chiral (2-face spans E^4), combinatorially chiral
8	{3,3,5/2}	3	5	2	5/4*E(5)+1/2*E(5)^2+1/2*E(5)^3+5/4*E(5)^4	-0.036474508437579045	1.3700333421324771	5	-2*E(5)-E(5)^2-E(5)^3-2*E(5)^4	true	60	A5	true	7200	true	false	4	[ 120, 720, 120, 5 ]	-	false	-	-	-	REJECTED: intersection condition fails (defect 4)
8	{3,3,5/2}	3	5	2	1/2*E(5)+1/4*E(5)^2+1/4*E(5)^3+1/2*E(5)^4	-0.095491502812526358	3.4142135623730949	5	-2*E(5)-E(5)^2-E(5)^3-2*E(5)^4	true	60	A5	true	7200	true	false	4	[ 120, 720, 120, 5 ]	-	false	-	-	-	REJECTED: intersection condition fails (defect 4)
8	{3,3,5/2}	3	5	2	1/4*E(5)+1/4*E(5)^4	0.15450849718747367	0.46639119614404234	5	-2*E(5)-E(5)^2-E(5)^3-2*E(5)^4	true	60	A5	true	7200	true	false	4	[ 120, 720, 120, 5 ]	-	false	-	-	-	REJECTED: intersection condition fails (defect 4)
8	{3,3,5/2}	3	inf	-	infinity	infinity	0.	5	-2*E(5)-E(5)^2-E(5)^3-2*E(5)^4	true	60	A5	true	7200	true	false	4	[ 120, 720, 120, 5 ]	-	false	-	-	-	REJECTED: intersection condition fails (defect 4)
9	{3,5/2,5}	5	2	1	1/2*E(20)-1/2*E(20)^4-1/2*E(20)^9+1/2*E(20)^13-1/2*E(20)^16-1/2*E(20)^17	0.054254269627732998	0.85065080835203988	2	0	true	10	D10	-	-	-	-	-	-	-	-	-	-	-	REJECTED: ord(X) < 3 (degenerate)
9	{3,5/2,5}	5	2	1	-1/2*E(20)-1/2*E(20)^4+1/2*E(20)^9-1/2*E(20)^13-1/2*E(20)^16+1/2*E(20)^17	-0.67228825837762796	-0.85065080835203988	2	0	true	10	D10	-	-	-	-	-	-	-	-	-	-	-	REJECTED: ord(X) < 3 (degenerate)
9	{3,5/2,5}	5	3	1	0	0.	1.	3	1	true	60	A5	true	7200	true	false	2	[ 120, 1200, 180, 6 ]	-	false	-	-	-	REJECTED: intersection condition fails (defect 2)
9	{3,5/2,5}	5	3	1	-1/2	-0.5	-1.6180339887498949	3	1	true	60	A5	true	7200	true	false	2	[ 120, 1200, 180, 6 ]	-	false	-	-	-	REJECTED: intersection condition fails (defect 2)
9	{3,5/2,5}	5	3	1	-1	-1.	-0.44721359549995798	3	1	true	60	A5	true	7200	true	false	2	[ 120, 1200, 180, 6 ]	-	false	-	-	-	REJECTED: intersection condition fails (defect 2)
9	{3,5/2,5}	5	3	1	3/2*E(5)+1/2*E(5)^2+1/2*E(5)^3+3/2*E(5)^4	0.11803398874989462	0.72360679774997894	3	1	true	60	A5	true	7200	true	false	2	[ 120, 1200, 180, 6 ]	-	false	-	-	-	REJECTED: intersection condition fails (defect 2)
9	{3,5/2,5}	5	5	1	1/2*E(5)+1/4*E(5)^2+1/4*E(5)^3+1/2*E(5)^4	-0.095491502812526358	1.4472135954999579	5	-E(5)-2*E(5)^2-2*E(5)^3-E(5)^4	true	60	A5	true	7200	true	false	2	[ 120, 720, 180, 6 ]	-	false	-	-	-	REJECTED: intersection condition fails (defect 2)
9	{3,5/2,5}	5	5	1	1/2*E(5)+1/2*E(5)^4	0.30901699437494734	0.5	5	-E(5)-2*E(5)^2-2*E(5)^3-E(5)^4	true	60	A5	true	7200	true	false	2	[ 120, 720, 180, 6 ]	-	false	-	-	-	REJECTED: intersection condition fails (defect 2)
9	{3,5/2,5}	5	5	1	-1/2*E(5)-1/2*E(5)^4	-0.30901699437494734	infinity	5	-E(5)-2*E(5)^2-2*E(5)^3-E(5)^4	true	60	A5	true	7200	true	false	2	[ 120, 720, 180, 6 ]	-	false	-	-	-	REJECTED: intersection condition fails (defect 2)
9	{3,5/2,5}	5	inf	-	infinity	infinity	0.	5	-E(5)-2*E(5)^2-2*E(5)^3-E(5)^4	true	60	A5	true	7200	true	false	2	[ 120, 720, 180, 6 ]	-	false	-	-	-	REJECTED: intersection condition fails (defect 2)
10	{5/2,5,5/2}	5	2	1	1/2*E(5)+1/2*E(5)^4	0.30901699437494734	0.5	2	0	true	fail	-	-	-	-	-	-	-	-	-	-	-	-	REJECTED: ord(X) < 3 (degenerate)
10	{5/2,5,5/2}	5	2	1	-1/2*E(5)-1/2*E(5)^4	-0.30901699437494734	infinity	2	0	true	10	D10	-	-	-	-	-	-	-	-	-	-	-	REJECTED: ord(X) < 3 (degenerate)
10	{5/2,5,5/2}	5	5	2	0	0.	1.	5	-2*E(5)-E(5)^2-E(5)^3-2*E(5)^4	true	60	A5	true	7200	true	false	12	[ 120, 720, 240, 1 ]	-	false	-	-	-	REJECTED: intersection condition fails (defect 12)
10	{5/2,5,5/2}	5	5	2	-1/2	-0.5	-1.6180339887498949	5	-2*E(5)-E(5)^2-E(5)^3-2*E(5)^4	true	60	A5	true	7200	true	false	12	[ 120, 720, 240, 1 ]	-	false	-	-	-	REJECTED: intersection condition fails (defect 12)
10	{5/2,5,5/2}	5	5	2	E(5)+1/2*E(5)^2+1/2*E(5)^3+E(5)^4	-0.19098300562505272	2.6180339887498949	5	-2*E(5)-E(5)^2-E(5)^3-2*E(5)^4	true	60	A5	true	7200	true	false	12	[ 120, 720, 240, 1 ]	-	false	-	-	-	REJECTED: intersection condition fails (defect 12)
10	{5/2,5,5/2}	5	inf	-	infinity	infinity	0.	5	-2*E(5)-E(5)^2-E(5)^3-2*E(5)^4	true	60	A5	true	7200	true	false	12	[ 120, 720, 240, 1 ]	-	false	-	-	-	REJECTED: intersection condition fails (defect 12)
